,response,family,alpha,metric_name,metric_value,features,theta,tweedie_power
0,flourishing_scale_raw_class_post,binomial,0.1,logloss,0.383136006798872,wk_9-10,,
1,flourishing_scale_raw_class_post,binomial,0.2,logloss,0.414057067103891,wk_9-10,,
2,flourishing_scale_raw_class_post,binomial,0.30000000000000004,logloss,0.43380675678800296,wk_9-10,,
3,flourishing_scale_raw_class_post,binomial,0.4,logloss,0.4427039330236471,wk_9-10,,
4,flourishing_scale_raw_class_post,binomial,0.5,logloss,0.44697536305598906,wk_9-10,,
5,flourishing_scale_raw_class_post,binomial,0.6000000000000001,logloss,0.45070418036185755,wk_9-10,,
6,flourishing_scale_raw_class_post,binomial,1.0,logloss,0.4510556931392297,wk_9-10,,
7,flourishing_scale_raw_class_post,binomial,0.7000000000000001,logloss,0.45811931581483945,wk_9-10,,
8,flourishing_scale_raw_class_post,binomial,0.9,logloss,0.4683892521075842,wk_9-10,,
9,flourishing_scale_raw_class_post,binomial,0.8,logloss,0.4690295563125062,wk_9-10,,
10,flourishing_scale_raw_class_post,binomial,0.0,logloss,0.4936650434892601,wk_9-10,,
121,flourishing_scale_raw_post,tweedie,0.7000000000000001,mse,155.19226133036085,wk_9-10,,1.9
122,flourishing_scale_raw_post,tweedie,0.8,mse,155.2113376167831,wk_9-10,,1.9
123,flourishing_scale_raw_post,tweedie,0.2,mse,157.82934080816761,wk_9-10,,1.9
124,flourishing_scale_raw_post,tweedie,0.1,mse,161.36144868918282,wk_9-10,,1.9
125,flourishing_scale_raw_post,tweedie,0.9,mse,161.8963209265497,wk_9-10,,1.9
126,flourishing_scale_raw_post,tweedie,1.0,mse,162.1943352069672,wk_9-10,,1.9
127,flourishing_scale_raw_post,tweedie,0.6000000000000001,mse,167.52650846846745,wk_9-10,,1.9
128,flourishing_scale_raw_post,tweedie,0.5,mse,167.75199734439897,wk_9-10,,1.9
129,flourishing_scale_raw_post,tweedie,0.4,mse,168.5240712718856,wk_9-10,,1.9
130,flourishing_scale_raw_post,tweedie,0.30000000000000004,mse,169.3120366371043,wk_9-10,,1.9
11,flourishing_scale_raw_post,gamma,0.2,mse,174.41387527053027,wk_9-10,,
12,flourishing_scale_raw_post,gamma,0.4,mse,174.59859374100049,wk_9-10,,
13,flourishing_scale_raw_post,gamma,0.5,mse,174.64590400334305,wk_9-10,,
14,flourishing_scale_raw_post,gamma,0.1,mse,174.87653304249147,wk_9-10,,
15,flourishing_scale_raw_post,gamma,0.6000000000000001,mse,175.357731554038,wk_9-10,,
16,flourishing_scale_raw_post,gamma,0.30000000000000004,mse,175.43217413362282,wk_9-10,,
17,flourishing_scale_raw_post,gamma,1.0,mse,175.52054954074018,wk_9-10,,
18,flourishing_scale_raw_post,gamma,0.9,mse,175.5626093994584,wk_9-10,,
19,flourishing_scale_raw_post,gamma,0.7000000000000001,mse,176.5822273403503,wk_9-10,,
20,flourishing_scale_raw_post,gamma,0.8,mse,176.60306108668556,wk_9-10,,
110,flourishing_scale_raw_post,poisson,0.1,mse,177.87725473760614,wk_9-10,,
33,flourishing_scale_raw_post,negativebinomial,0.1,mse,178.01137268472644,wk_9-10,0.0001,
34,flourishing_scale_raw_post,negativebinomial,0.1,mse,178.17979274532968,wk_9-10,1e-08,
35,flourishing_scale_raw_post,negativebinomial,0.1,mse,178.17982048034156,wk_9-10,1e-10,
36,flourishing_scale_raw_post,negativebinomial,0.1,mse,180.8098995824477,wk_9-10,0.01,
37,flourishing_scale_raw_post,negativebinomial,0.2,mse,181.2227372296622,wk_9-10,1e-08,
38,flourishing_scale_raw_post,negativebinomial,0.2,mse,181.22283498661707,wk_9-10,1e-10,
111,flourishing_scale_raw_post,poisson,0.2,mse,181.24524493440435,wk_9-10,,
39,flourishing_scale_raw_post,negativebinomial,0.2,mse,181.25670922412777,wk_9-10,0.0001,
40,flourishing_scale_raw_post,negativebinomial,0.2,mse,183.52572554987592,wk_9-10,0.01,
41,flourishing_scale_raw_post,negativebinomial,0.30000000000000004,mse,185.01258842825158,wk_9-10,1e-10,
42,flourishing_scale_raw_post,negativebinomial,0.30000000000000004,mse,185.01259031201909,wk_9-10,1e-08,
43,flourishing_scale_raw_post,negativebinomial,0.30000000000000004,mse,185.02811307853943,wk_9-10,0.0001,
112,flourishing_scale_raw_post,poisson,0.30000000000000004,mse,185.039994807101,wk_9-10,,
44,flourishing_scale_raw_post,negativebinomial,0.4,mse,186.4865065343935,wk_9-10,1e-10,
45,flourishing_scale_raw_post,negativebinomial,0.4,mse,186.4865086413623,wk_9-10,1e-08,
113,flourishing_scale_raw_post,poisson,0.4,mse,186.4876855574036,wk_9-10,,
46,flourishing_scale_raw_post,negativebinomial,0.4,mse,186.5082532915249,wk_9-10,0.0001,
47,flourishing_scale_raw_post,negativebinomial,0.30000000000000004,mse,186.54452185356465,wk_9-10,0.01,
114,flourishing_scale_raw_post,poisson,0.5,mse,187.62471426219568,wk_9-10,,
48,flourishing_scale_raw_post,negativebinomial,0.5,mse,187.6288519245261,wk_9-10,1e-10,
49,flourishing_scale_raw_post,negativebinomial,0.5,mse,187.6288540748033,wk_9-10,1e-08,
50,flourishing_scale_raw_post,negativebinomial,0.5,mse,187.65057785281638,wk_9-10,0.0001,
51,flourishing_scale_raw_post,negativebinomial,0.4,mse,188.07803673605608,wk_9-10,0.01,
52,flourishing_scale_raw_post,negativebinomial,0.1,mse,188.2594162501336,wk_9-10,0.1,
53,flourishing_scale_raw_post,negativebinomial,0.6000000000000001,mse,188.5838849022022,wk_9-10,1e-10,
54,flourishing_scale_raw_post,negativebinomial,0.6000000000000001,mse,188.5838865452798,wk_9-10,1e-08,
55,flourishing_scale_raw_post,negativebinomial,0.6000000000000001,mse,188.60102655539754,wk_9-10,0.0001,
115,flourishing_scale_raw_post,poisson,0.6000000000000001,mse,188.61741121947966,wk_9-10,,
56,flourishing_scale_raw_post,negativebinomial,0.5,mse,189.07107016053672,wk_9-10,0.01,
57,flourishing_scale_raw_post,negativebinomial,0.7000000000000001,mse,189.24915670587146,wk_9-10,1e-10,
58,flourishing_scale_raw_post,negativebinomial,0.7000000000000001,mse,189.24915823952733,wk_9-10,1e-08,
59,flourishing_scale_raw_post,negativebinomial,0.7000000000000001,mse,189.26508121482877,wk_9-10,0.0001,
116,flourishing_scale_raw_post,poisson,0.7000000000000001,mse,189.27965625302608,wk_9-10,,
60,flourishing_scale_raw_post,negativebinomial,0.8,mse,189.79664489699985,wk_9-10,1e-10,
61,flourishing_scale_raw_post,negativebinomial,0.8,mse,189.7966464661783,wk_9-10,1e-08,
62,flourishing_scale_raw_post,negativebinomial,0.8,mse,189.81151336895212,wk_9-10,0.0001,
117,flourishing_scale_raw_post,poisson,0.8,mse,189.82763248519169,wk_9-10,,
63,flourishing_scale_raw_post,negativebinomial,0.6000000000000001,mse,189.88675028997494,wk_9-10,0.01,
64,flourishing_scale_raw_post,negativebinomial,0.9,mse,190.27231716325278,wk_9-10,1e-10,
65,flourishing_scale_raw_post,negativebinomial,0.9,mse,190.2723188831397,wk_9-10,1e-08,
66,flourishing_scale_raw_post,negativebinomial,0.9,mse,190.28691205920725,wk_9-10,0.0001,
118,flourishing_scale_raw_post,poisson,0.9,mse,190.28952318599536,wk_9-10,,
67,flourishing_scale_raw_post,negativebinomial,0.7000000000000001,mse,190.50331338524754,wk_9-10,0.01,
119,flourishing_scale_raw_post,poisson,1.0,mse,190.672944952567,wk_9-10,,
68,flourishing_scale_raw_post,negativebinomial,1.0,mse,190.68901091491963,wk_9-10,1e-10,
69,flourishing_scale_raw_post,negativebinomial,1.0,mse,190.68901362641893,wk_9-10,1e-08,
70,flourishing_scale_raw_post,negativebinomial,1.0,mse,190.70830004917323,wk_9-10,0.0001,
71,flourishing_scale_raw_post,negativebinomial,0.2,mse,191.04132744362397,wk_9-10,0.1,
72,flourishing_scale_raw_post,negativebinomial,0.8,mse,191.0469745687762,wk_9-10,0.01,
73,flourishing_scale_raw_post,negativebinomial,0.9,mse,191.50896079454915,wk_9-10,0.01,
74,flourishing_scale_raw_post,negativebinomial,0.1,mse,191.61353246100413,wk_9-10,0.5,
75,flourishing_scale_raw_post,negativebinomial,1.0,mse,191.92039710081215,wk_9-10,0.01,
76,flourishing_scale_raw_post,negativebinomial,0.1,mse,192.13480122514815,wk_9-10,1.0,
77,flourishing_scale_raw_post,negativebinomial,0.30000000000000004,mse,192.31950493758112,wk_9-10,0.1,
78,flourishing_scale_raw_post,negativebinomial,0.4,mse,193.12743380377955,wk_9-10,0.1,
79,flourishing_scale_raw_post,negativebinomial,0.5,mse,193.83951423566603,wk_9-10,0.1,
80,flourishing_scale_raw_post,negativebinomial,0.2,mse,194.23814059590205,wk_9-10,0.5,
81,flourishing_scale_raw_post,negativebinomial,0.6000000000000001,mse,194.55097955523834,wk_9-10,0.1,
82,flourishing_scale_raw_post,negativebinomial,0.7000000000000001,mse,195.08426135619715,wk_9-10,0.1,
83,flourishing_scale_raw_post,negativebinomial,0.8,mse,195.2203979327608,wk_9-10,1.0,
84,flourishing_scale_raw_post,negativebinomial,0.2,mse,195.23575506596146,wk_9-10,1.0,
85,flourishing_scale_raw_post,negativebinomial,0.7000000000000001,mse,195.2836010264894,wk_9-10,1.0,
86,flourishing_scale_raw_post,negativebinomial,0.5,mse,195.3527216310902,wk_9-10,1.0,
87,flourishing_scale_raw_post,negativebinomial,0.9,mse,195.35916299137264,wk_9-10,1.0,
88,flourishing_scale_raw_post,negativebinomial,1.0,mse,195.47931306557194,wk_9-10,1.0,
89,flourishing_scale_raw_post,negativebinomial,0.6000000000000001,mse,195.49315285164448,wk_9-10,1.0,
90,flourishing_scale_raw_post,negativebinomial,0.8,mse,195.55982287771252,wk_9-10,0.1,
91,flourishing_scale_raw_post,negativebinomial,0.30000000000000004,mse,195.56077804736506,wk_9-10,0.5,
92,flourishing_scale_raw_post,negativebinomial,0.30000000000000004,mse,195.60484962260665,wk_9-10,1.0,
93,flourishing_scale_raw_post,negativebinomial,0.4,mse,195.94891761227612,wk_9-10,1.0,
94,flourishing_scale_raw_post,negativebinomial,0.9,mse,195.94898981072316,wk_9-10,0.1,
95,flourishing_scale_raw_post,negativebinomial,1.0,mse,196.2626562394978,wk_9-10,0.1,
96,flourishing_scale_raw_post,negativebinomial,0.4,mse,196.3553060929021,wk_9-10,0.5,
97,flourishing_scale_raw_post,negativebinomial,0.5,mse,196.59889132928544,wk_9-10,0.5,
98,flourishing_scale_raw_post,negativebinomial,0.6000000000000001,mse,197.0721637535459,wk_9-10,0.5,
99,flourishing_scale_raw_post,negativebinomial,0.7000000000000001,mse,197.2387284568465,wk_9-10,0.5,
100,flourishing_scale_raw_post,negativebinomial,0.8,mse,197.53026372840432,wk_9-10,0.5,
101,flourishing_scale_raw_post,negativebinomial,0.9,mse,197.86696337928305,wk_9-10,0.5,
102,flourishing_scale_raw_post,negativebinomial,1.0,mse,198.2092013692411,wk_9-10,0.5,
103,flourishing_scale_raw_post,negativebinomial,0.0,mse,295.9068239564093,wk_9-10,1e-10,
104,flourishing_scale_raw_post,negativebinomial,0.0,mse,295.9068261034715,wk_9-10,1e-08,
120,flourishing_scale_raw_post,poisson,0.0,mse,295.9074600079716,wk_9-10,,
105,flourishing_scale_raw_post,negativebinomial,0.0,mse,295.92841295647565,wk_9-10,0.0001,
106,flourishing_scale_raw_post,negativebinomial,0.0,mse,297.4305764339428,wk_9-10,0.01,
107,flourishing_scale_raw_post,negativebinomial,0.0,mse,300.20295711801015,wk_9-10,0.1,
108,flourishing_scale_raw_post,negativebinomial,0.0,mse,301.2172341335745,wk_9-10,0.5,
109,flourishing_scale_raw_post,negativebinomial,0.0,mse,301.57250827619924,wk_9-10,1.0,
131,flourishing_scale_raw_post,tweedie,0.0,mse,1270.9914260399396,wk_9-10,,1.9
22,flourishing_scale_raw_post,gaussian,0.0,mse,3445.4024508829593,wk_9-10,,
23,flourishing_scale_raw_post,gaussian,1.0,mse,4134.587125399018,wk_9-10,,
24,flourishing_scale_raw_post,gaussian,0.9,mse,4406.838279322407,wk_9-10,,
25,flourishing_scale_raw_post,gaussian,0.8,mse,4608.653668731401,wk_9-10,,
26,flourishing_scale_raw_post,gaussian,0.1,mse,4640.785355931373,wk_9-10,,
27,flourishing_scale_raw_post,gaussian,0.7000000000000001,mse,4719.152092891735,wk_9-10,,
28,flourishing_scale_raw_post,gaussian,0.2,mse,4720.439663442257,wk_9-10,,
29,flourishing_scale_raw_post,gaussian,0.30000000000000004,mse,4748.2288595806685,wk_9-10,,
30,flourishing_scale_raw_post,gaussian,0.6000000000000001,mse,4752.2354931304635,wk_9-10,,
31,flourishing_scale_raw_post,gaussian,0.4,mse,4759.950207851321,wk_9-10,,
32,flourishing_scale_raw_post,gaussian,0.5,mse,4762.433997895368,wk_9-10,,
21,flourishing_scale_raw_post,gamma,0.0,mse,8116.052529883457,wk_9-10,,
132,panas_neg_raw_class_post,binomial,0.1,logloss,0.2997510804316671,wk_9-10,,
133,panas_neg_raw_class_post,binomial,1.0,logloss,0.30973790312495514,wk_9-10,,
134,panas_neg_raw_class_post,binomial,0.2,logloss,0.31627526529253547,wk_9-10,,
135,panas_neg_raw_class_post,binomial,0.9,logloss,0.3180155307457548,wk_9-10,,
136,panas_neg_raw_class_post,binomial,0.30000000000000004,logloss,0.32448472261114053,wk_9-10,,
137,panas_neg_raw_class_post,binomial,0.8,logloss,0.329545799011464,wk_9-10,,
138,panas_neg_raw_class_post,binomial,0.4,logloss,0.3307203829022845,wk_9-10,,
139,panas_neg_raw_class_post,binomial,0.5,logloss,0.33556585018947843,wk_9-10,,
140,panas_neg_raw_class_post,binomial,0.7000000000000001,logloss,0.336560003977066,wk_9-10,,
141,panas_neg_raw_class_post,binomial,0.6000000000000001,logloss,0.33728073667592007,wk_9-10,,
142,panas_neg_raw_class_post,binomial,0.0,logloss,0.3846461753626327,wk_9-10,,
165,panas_neg_raw_post,negativebinomial,0.1,mse,100.257675513513,wk_9-10,1.0,
166,panas_neg_raw_post,negativebinomial,0.1,mse,100.27716534820588,wk_9-10,0.5,
167,panas_neg_raw_post,negativebinomial,0.1,mse,100.41513348536729,wk_9-10,0.1,
168,panas_neg_raw_post,negativebinomial,0.1,mse,101.77553472784287,wk_9-10,0.01,
169,panas_neg_raw_post,negativebinomial,0.1,mse,102.45677711348917,wk_9-10,0.0001,
242,panas_neg_raw_post,poisson,0.1,mse,102.45941542130824,wk_9-10,,
170,panas_neg_raw_post,negativebinomial,0.1,mse,102.46626913882511,wk_9-10,1e-08,
171,panas_neg_raw_post,negativebinomial,0.1,mse,102.46627009871534,wk_9-10,1e-10,
172,panas_neg_raw_post,negativebinomial,0.2,mse,105.24516076559134,wk_9-10,1.0,
173,panas_neg_raw_post,negativebinomial,0.2,mse,105.27217621992484,wk_9-10,0.5,
174,panas_neg_raw_post,negativebinomial,0.2,mse,105.412058054023,wk_9-10,0.1,
175,panas_neg_raw_post,negativebinomial,0.2,mse,106.19907389091985,wk_9-10,0.01,
243,panas_neg_raw_post,poisson,0.2,mse,106.67159943083077,wk_9-10,,
176,panas_neg_raw_post,negativebinomial,0.2,mse,106.68916597855777,wk_9-10,0.0001,
177,panas_neg_raw_post,negativebinomial,0.2,mse,106.69647143690251,wk_9-10,1e-08,
178,panas_neg_raw_post,negativebinomial,0.2,mse,106.69647216208699,wk_9-10,1e-10,
179,panas_neg_raw_post,negativebinomial,0.30000000000000004,mse,109.15849552580588,wk_9-10,1.0,
180,panas_neg_raw_post,negativebinomial,0.30000000000000004,mse,109.19744090748206,wk_9-10,0.5,
181,panas_neg_raw_post,negativebinomial,0.30000000000000004,mse,109.27035922273677,wk_9-10,0.1,
143,panas_neg_raw_post,gamma,0.1,mse,109.38526807797207,wk_9-10,,
182,panas_neg_raw_post,negativebinomial,0.30000000000000004,mse,109.80560718990729,wk_9-10,0.01,
244,panas_neg_raw_post,poisson,0.30000000000000004,mse,110.04515070160522,wk_9-10,,
183,panas_neg_raw_post,negativebinomial,0.30000000000000004,mse,110.0551316805625,wk_9-10,0.0001,
184,panas_neg_raw_post,negativebinomial,0.30000000000000004,mse,110.05901301959169,wk_9-10,1e-08,
185,panas_neg_raw_post,negativebinomial,0.30000000000000004,mse,110.0590134063635,wk_9-10,1e-10,
253,panas_neg_raw_post,tweedie,0.1,mse,110.1412023392862,wk_9-10,,1.9
186,panas_neg_raw_post,negativebinomial,0.4,mse,112.64403239273636,wk_9-10,1.0,
187,panas_neg_raw_post,negativebinomial,0.4,mse,112.78467993339966,wk_9-10,0.5,
188,panas_neg_raw_post,negativebinomial,0.4,mse,112.89540317577514,wk_9-10,0.1,
189,panas_neg_raw_post,negativebinomial,0.4,mse,113.67060135704081,wk_9-10,0.01,
245,panas_neg_raw_post,poisson,0.4,mse,114.3025239316608,wk_9-10,,
190,panas_neg_raw_post,negativebinomial,0.4,mse,114.30678404691905,wk_9-10,0.0001,
191,panas_neg_raw_post,negativebinomial,0.4,mse,114.31179252372854,wk_9-10,1e-08,
192,panas_neg_raw_post,negativebinomial,0.4,mse,114.3117930280186,wk_9-10,1e-10,
193,panas_neg_raw_post,negativebinomial,0.5,mse,116.7316059860094,wk_9-10,1.0,
194,panas_neg_raw_post,negativebinomial,0.5,mse,116.77266290036475,wk_9-10,0.5,
254,panas_neg_raw_post,tweedie,0.2,mse,116.80106889981477,wk_9-10,,1.9
144,panas_neg_raw_post,gamma,0.2,mse,116.93322546428826,wk_9-10,,
195,panas_neg_raw_post,negativebinomial,0.5,mse,117.0143487070046,wk_9-10,0.1,
255,panas_neg_raw_post,tweedie,0.30000000000000004,mse,118.54830816925141,wk_9-10,,1.9
196,panas_neg_raw_post,negativebinomial,0.5,mse,118.61885024656034,wk_9-10,0.01,
246,panas_neg_raw_post,poisson,0.5,mse,119.41529986629403,wk_9-10,,
197,panas_neg_raw_post,negativebinomial,0.5,mse,119.41598627114027,wk_9-10,0.0001,
198,panas_neg_raw_post,negativebinomial,0.5,mse,119.41931368368192,wk_9-10,1e-08,
199,panas_neg_raw_post,negativebinomial,0.5,mse,119.4193140127291,wk_9-10,1e-10,
145,panas_neg_raw_post,gamma,0.30000000000000004,mse,119.72767932600833,wk_9-10,,
256,panas_neg_raw_post,tweedie,0.4,mse,120.91089528660983,wk_9-10,,1.9
146,panas_neg_raw_post,gamma,0.4,mse,121.23011428116885,wk_9-10,,
257,panas_neg_raw_post,tweedie,0.5,mse,121.44694949418577,wk_9-10,,1.9
200,panas_neg_raw_post,negativebinomial,0.6000000000000001,mse,121.81549317343068,wk_9-10,1.0,
201,panas_neg_raw_post,negativebinomial,0.6000000000000001,mse,121.98902676347052,wk_9-10,0.01,
202,panas_neg_raw_post,negativebinomial,0.6000000000000001,mse,122.14303491397494,wk_9-10,0.5,
203,panas_neg_raw_post,negativebinomial,0.6000000000000001,mse,122.26062391777128,wk_9-10,0.0001,
204,panas_neg_raw_post,negativebinomial,0.6000000000000001,mse,122.26791424625148,wk_9-10,1e-08,
205,panas_neg_raw_post,negativebinomial,0.6000000000000001,mse,122.26791497040227,wk_9-10,1e-10,
247,panas_neg_raw_post,poisson,0.6000000000000001,mse,122.27075143841158,wk_9-10,,
258,panas_neg_raw_post,tweedie,0.6000000000000001,mse,122.27203755133287,wk_9-10,,1.9
147,panas_neg_raw_post,gamma,0.5,mse,122.53258678049511,wk_9-10,,
206,panas_neg_raw_post,negativebinomial,0.6000000000000001,mse,122.54790074374955,wk_9-10,0.1,
259,panas_neg_raw_post,tweedie,0.7000000000000001,mse,122.93700323847646,wk_9-10,,1.9
260,panas_neg_raw_post,tweedie,0.8,mse,123.44894238862754,wk_9-10,,1.9
148,panas_neg_raw_post,gamma,0.6000000000000001,mse,123.63333663563748,wk_9-10,,
261,panas_neg_raw_post,tweedie,0.9,mse,123.86012323724708,wk_9-10,,1.9
149,panas_neg_raw_post,gamma,0.7000000000000001,mse,124.09999581230768,wk_9-10,,
262,panas_neg_raw_post,tweedie,1.0,mse,124.1969418231136,wk_9-10,,1.9
150,panas_neg_raw_post,gamma,0.8,mse,124.7979179515801,wk_9-10,,
151,panas_neg_raw_post,gamma,1.0,mse,125.17948375452302,wk_9-10,,
152,panas_neg_raw_post,gamma,0.9,mse,125.19072048915298,wk_9-10,,
207,panas_neg_raw_post,negativebinomial,0.7000000000000001,mse,125.70821311995168,wk_9-10,0.0001,
208,panas_neg_raw_post,negativebinomial,0.7000000000000001,mse,125.71077589122316,wk_9-10,1e-10,
209,panas_neg_raw_post,negativebinomial,0.7000000000000001,mse,125.71078561986376,wk_9-10,1e-08,
248,panas_neg_raw_post,poisson,0.7000000000000001,mse,125.72711858653251,wk_9-10,,
210,panas_neg_raw_post,negativebinomial,0.7000000000000001,mse,125.81902460266295,wk_9-10,0.01,
211,panas_neg_raw_post,negativebinomial,0.7000000000000001,mse,126.41261334929969,wk_9-10,0.1,
212,panas_neg_raw_post,negativebinomial,0.7000000000000001,mse,127.20301876433197,wk_9-10,0.5,
213,panas_neg_raw_post,negativebinomial,0.7000000000000001,mse,127.40188732983863,wk_9-10,1.0,
214,panas_neg_raw_post,negativebinomial,0.8,mse,128.45870659629614,wk_9-10,0.01,
215,panas_neg_raw_post,negativebinomial,0.8,mse,128.77559716457935,wk_9-10,0.0001,
216,panas_neg_raw_post,negativebinomial,0.8,mse,128.78075447876722,wk_9-10,1e-08,
217,panas_neg_raw_post,negativebinomial,0.8,mse,128.78075500391176,wk_9-10,1e-10,
218,panas_neg_raw_post,negativebinomial,0.8,mse,128.7948168009562,wk_9-10,0.1,
249,panas_neg_raw_post,poisson,0.8,mse,128.80946813322993,wk_9-10,,
219,panas_neg_raw_post,negativebinomial,0.8,mse,129.94764663574486,wk_9-10,0.5,
220,panas_neg_raw_post,negativebinomial,0.8,mse,130.32515386478326,wk_9-10,1.0,
221,panas_neg_raw_post,negativebinomial,0.9,mse,130.70056743473364,wk_9-10,0.01,
222,panas_neg_raw_post,negativebinomial,0.9,mse,130.99263374803178,wk_9-10,0.0001,
223,panas_neg_raw_post,negativebinomial,0.9,mse,130.99669687100848,wk_9-10,1e-08,
224,panas_neg_raw_post,negativebinomial,0.9,mse,130.99669723534365,wk_9-10,1e-10,
250,panas_neg_raw_post,poisson,0.9,mse,131.03659378009328,wk_9-10,,
225,panas_neg_raw_post,negativebinomial,0.9,mse,131.20406842795427,wk_9-10,0.1,
226,panas_neg_raw_post,negativebinomial,1.0,mse,132.46344577266518,wk_9-10,0.01,
227,panas_neg_raw_post,negativebinomial,1.0,mse,132.7670255791665,wk_9-10,0.0001,
228,panas_neg_raw_post,negativebinomial,1.0,mse,132.77132118119238,wk_9-10,1e-08,
229,panas_neg_raw_post,negativebinomial,1.0,mse,132.77132160943594,wk_9-10,1e-10,
251,panas_neg_raw_post,poisson,1.0,mse,132.81178383450575,wk_9-10,,
230,panas_neg_raw_post,negativebinomial,0.9,mse,132.87196168112877,wk_9-10,0.5,
231,panas_neg_raw_post,negativebinomial,1.0,mse,133.1998102155322,wk_9-10,0.1,
232,panas_neg_raw_post,negativebinomial,0.9,mse,133.2242117065953,wk_9-10,1.0,
233,panas_neg_raw_post,negativebinomial,1.0,mse,134.95096625711025,wk_9-10,0.5,
234,panas_neg_raw_post,negativebinomial,1.0,mse,135.1776679632199,wk_9-10,1.0,
154,panas_neg_raw_post,gaussian,0.1,mse,141.48152279630168,wk_9-10,,
263,panas_neg_raw_post,tweedie,0.0,mse,146.74284881423029,wk_9-10,,1.9
155,panas_neg_raw_post,gaussian,0.2,mse,185.73135055736262,wk_9-10,,
156,panas_neg_raw_post,gaussian,0.30000000000000004,mse,227.42575683583553,wk_9-10,,
153,panas_neg_raw_post,gamma,0.0,mse,231.7495699746146,wk_9-10,,
157,panas_neg_raw_post,gaussian,0.4,mse,272.01007034963067,wk_9-10,,
158,panas_neg_raw_post,gaussian,0.5,mse,309.0914015500595,wk_9-10,,
159,panas_neg_raw_post,gaussian,0.6000000000000001,mse,325.3549304437527,wk_9-10,,
160,panas_neg_raw_post,gaussian,0.7000000000000001,mse,330.3702123085391,wk_9-10,,
161,panas_neg_raw_post,gaussian,0.8,mse,363.8669480615219,wk_9-10,,
162,panas_neg_raw_post,gaussian,0.9,mse,424.8581215026658,wk_9-10,,
163,panas_neg_raw_post,gaussian,1.0,mse,487.40119748238357,wk_9-10,,
164,panas_neg_raw_post,gaussian,0.0,mse,1085.7290897783753,wk_9-10,,
252,panas_neg_raw_post,poisson,0.0,mse,392273.9773690097,wk_9-10,,
235,panas_neg_raw_post,negativebinomial,0.0,mse,392273.97745403147,wk_9-10,1e-10,
236,panas_neg_raw_post,negativebinomial,0.0,mse,392273.9859948038,wk_9-10,1e-08,
237,panas_neg_raw_post,negativebinomial,0.0,mse,392360.0732242198,wk_9-10,0.0001,
238,panas_neg_raw_post,negativebinomial,0.0,mse,399445.4539720681,wk_9-10,0.01,
239,panas_neg_raw_post,negativebinomial,0.0,mse,421160.8854107207,wk_9-10,0.1,
240,panas_neg_raw_post,negativebinomial,0.0,mse,431829.1950081233,wk_9-10,0.5,
241,panas_neg_raw_post,negativebinomial,0.0,mse,433955.218982818,wk_9-10,1.0,
264,panas_pos_imp_class_post,binomial,0.1,logloss,0.3587522374449628,wk_9-10,,
265,panas_pos_imp_class_post,binomial,0.2,logloss,0.37942384157850867,wk_9-10,,
266,panas_pos_imp_class_post,binomial,0.9,logloss,0.38308245305971994,wk_9-10,,
267,panas_pos_imp_class_post,binomial,1.0,logloss,0.38601344650223984,wk_9-10,,
268,panas_pos_imp_class_post,binomial,0.30000000000000004,logloss,0.38875913646103644,wk_9-10,,
269,panas_pos_imp_class_post,binomial,0.8,logloss,0.39624422544591564,wk_9-10,,
270,panas_pos_imp_class_post,binomial,0.4,logloss,0.39677282843623496,wk_9-10,,
271,panas_pos_imp_class_post,binomial,0.7000000000000001,logloss,0.39984936031890117,wk_9-10,,
272,panas_pos_imp_class_post,binomial,0.5,logloss,0.401493308942899,wk_9-10,,
273,panas_pos_imp_class_post,binomial,0.6000000000000001,logloss,0.40190700026734955,wk_9-10,,
274,panas_pos_imp_class_post,binomial,0.0,logloss,0.42413388087148335,wk_9-10,,
385,panas_pos_imp_post,tweedie,0.1,mse,120.27591844524163,wk_9-10,,1.9
275,panas_pos_imp_post,gamma,0.1,mse,120.45463900386575,wk_9-10,,
276,panas_pos_imp_post,gamma,0.2,mse,120.84361870320319,wk_9-10,,
386,panas_pos_imp_post,tweedie,0.2,mse,120.84820124942667,wk_9-10,,1.9
277,panas_pos_imp_post,gamma,0.30000000000000004,mse,120.918472658398,wk_9-10,,
387,panas_pos_imp_post,tweedie,0.9,mse,121.11361518506321,wk_9-10,,1.9
388,panas_pos_imp_post,tweedie,1.0,mse,121.11641102434494,wk_9-10,,1.9
278,panas_pos_imp_post,gamma,0.4,mse,121.27165774612642,wk_9-10,,
389,panas_pos_imp_post,tweedie,0.4,mse,121.33353583710424,wk_9-10,,1.9
390,panas_pos_imp_post,tweedie,0.5,mse,121.49348022121958,wk_9-10,,1.9
279,panas_pos_imp_post,gamma,0.8,mse,121.577959673759,wk_9-10,,
280,panas_pos_imp_post,gamma,0.5,mse,121.58136382621812,wk_9-10,,
281,panas_pos_imp_post,gamma,0.6000000000000001,mse,121.64671760763228,wk_9-10,,
282,panas_pos_imp_post,gamma,0.7000000000000001,mse,121.77048954439903,wk_9-10,,
283,panas_pos_imp_post,gamma,0.9,mse,121.90741139561078,wk_9-10,,
391,panas_pos_imp_post,tweedie,0.30000000000000004,mse,122.0131507638797,wk_9-10,,1.9
284,panas_pos_imp_post,gamma,1.0,mse,122.05491233365258,wk_9-10,,
392,panas_pos_imp_post,tweedie,0.6000000000000001,mse,122.12393904058037,wk_9-10,,1.9
393,panas_pos_imp_post,tweedie,0.7000000000000001,mse,122.16935271702248,wk_9-10,,1.9
394,panas_pos_imp_post,tweedie,0.8,mse,122.17645267140594,wk_9-10,,1.9
297,panas_pos_imp_post,negativebinomial,0.9,mse,130.98185944265444,wk_9-10,1.0,
298,panas_pos_imp_post,negativebinomial,1.0,mse,131.03627722736366,wk_9-10,1.0,
299,panas_pos_imp_post,negativebinomial,0.8,mse,131.1850775542083,wk_9-10,1.0,
300,panas_pos_imp_post,negativebinomial,0.7000000000000001,mse,131.30875326269995,wk_9-10,1.0,
301,panas_pos_imp_post,negativebinomial,0.6000000000000001,mse,131.58231336101184,wk_9-10,1.0,
302,panas_pos_imp_post,negativebinomial,0.5,mse,132.39811361363365,wk_9-10,1.0,
303,panas_pos_imp_post,negativebinomial,0.7000000000000001,mse,133.75997270838644,wk_9-10,0.5,
304,panas_pos_imp_post,negativebinomial,0.8,mse,134.07673922782033,wk_9-10,0.5,
305,panas_pos_imp_post,negativebinomial,0.6000000000000001,mse,134.23413889035695,wk_9-10,0.5,
306,panas_pos_imp_post,negativebinomial,0.9,mse,134.36512744045976,wk_9-10,0.5,
307,panas_pos_imp_post,negativebinomial,1.0,mse,134.63190598778652,wk_9-10,0.5,
308,panas_pos_imp_post,negativebinomial,0.5,mse,135.04455707603998,wk_9-10,0.5,
309,panas_pos_imp_post,negativebinomial,0.4,mse,136.1380942601739,wk_9-10,0.5,
310,panas_pos_imp_post,negativebinomial,0.4,mse,136.3333471255132,wk_9-10,1.0,
311,panas_pos_imp_post,negativebinomial,0.6000000000000001,mse,136.70316095173843,wk_9-10,0.1,
312,panas_pos_imp_post,negativebinomial,0.7000000000000001,mse,136.74900544443284,wk_9-10,0.1,
313,panas_pos_imp_post,negativebinomial,0.8,mse,136.99515805006837,wk_9-10,0.1,
314,panas_pos_imp_post,negativebinomial,0.5,mse,137.24111150216063,wk_9-10,0.1,
315,panas_pos_imp_post,negativebinomial,0.9,mse,137.39265412950755,wk_9-10,0.1,
316,panas_pos_imp_post,negativebinomial,1.0,mse,137.76217638864048,wk_9-10,0.1,
317,panas_pos_imp_post,negativebinomial,0.4,mse,138.3755175551095,wk_9-10,0.1,
318,panas_pos_imp_post,negativebinomial,0.30000000000000004,mse,139.8853709923553,wk_9-10,0.5,
319,panas_pos_imp_post,negativebinomial,0.30000000000000004,mse,140.05668149396155,wk_9-10,1.0,
320,panas_pos_imp_post,negativebinomial,1.0,mse,141.27769017766306,wk_9-10,0.01,
321,panas_pos_imp_post,negativebinomial,0.9,mse,141.37409181776516,wk_9-10,0.01,
322,panas_pos_imp_post,negativebinomial,0.8,mse,141.5011852335743,wk_9-10,0.01,
323,panas_pos_imp_post,negativebinomial,0.30000000000000004,mse,141.62955092199388,wk_9-10,0.1,
324,panas_pos_imp_post,negativebinomial,0.7000000000000001,mse,141.67282709857193,wk_9-10,0.01,
325,panas_pos_imp_post,negativebinomial,0.6000000000000001,mse,141.939623399512,wk_9-10,0.01,
326,panas_pos_imp_post,negativebinomial,1.0,mse,142.26306791418816,wk_9-10,0.0001,
327,panas_pos_imp_post,negativebinomial,1.0,mse,142.27523899503163,wk_9-10,1e-08,
328,panas_pos_imp_post,negativebinomial,1.0,mse,142.27524016653018,wk_9-10,1e-10,
374,panas_pos_imp_post,poisson,1.0,mse,142.32330116948359,wk_9-10,,
329,panas_pos_imp_post,negativebinomial,0.9,mse,142.33532275864306,wk_9-10,0.0001,
330,panas_pos_imp_post,negativebinomial,0.9,mse,142.34708081966974,wk_9-10,1e-08,
331,panas_pos_imp_post,negativebinomial,0.9,mse,142.34708194959197,wk_9-10,1e-10,
332,panas_pos_imp_post,negativebinomial,0.5,mse,142.37222386643825,wk_9-10,0.01,
375,panas_pos_imp_post,poisson,0.9,mse,142.38941060511465,wk_9-10,,
333,panas_pos_imp_post,negativebinomial,0.8,mse,142.43477552858474,wk_9-10,0.0001,
334,panas_pos_imp_post,negativebinomial,0.8,mse,142.4452892377454,wk_9-10,1e-08,
335,panas_pos_imp_post,negativebinomial,0.8,mse,142.44529031497618,wk_9-10,1e-10,
376,panas_pos_imp_post,poisson,0.8,mse,142.48167568265328,wk_9-10,,
336,panas_pos_imp_post,negativebinomial,0.7000000000000001,mse,142.56648562725266,wk_9-10,0.0001,
337,panas_pos_imp_post,negativebinomial,0.7000000000000001,mse,142.58213152839386,wk_9-10,1e-10,
338,panas_pos_imp_post,negativebinomial,0.7000000000000001,mse,142.58213529653406,wk_9-10,1e-08,
377,panas_pos_imp_post,poisson,0.7000000000000001,mse,142.5875946548547,wk_9-10,,
339,panas_pos_imp_post,negativebinomial,0.6000000000000001,mse,142.75045202413307,wk_9-10,0.0001,
340,panas_pos_imp_post,negativebinomial,0.6000000000000001,mse,142.7594208377717,wk_9-10,1e-08,
341,panas_pos_imp_post,negativebinomial,0.6000000000000001,mse,142.75942183892624,wk_9-10,1e-10,
378,panas_pos_imp_post,poisson,0.6000000000000001,mse,142.7671828051071,wk_9-10,,
342,panas_pos_imp_post,negativebinomial,0.2,mse,142.94398285364966,wk_9-10,1.0,
343,panas_pos_imp_post,negativebinomial,0.5,mse,143.13450710742666,wk_9-10,0.0001,
344,panas_pos_imp_post,negativebinomial,0.5,mse,143.14349261964318,wk_9-10,1e-08,
345,panas_pos_imp_post,negativebinomial,0.5,mse,143.14349347907864,wk_9-10,1e-10,
379,panas_pos_imp_post,poisson,0.5,mse,143.15139009089387,wk_9-10,,
346,panas_pos_imp_post,negativebinomial,0.4,mse,143.33513278650645,wk_9-10,0.01,
347,panas_pos_imp_post,negativebinomial,0.2,mse,143.629775900162,wk_9-10,0.5,
348,panas_pos_imp_post,negativebinomial,0.2,mse,144.38133636560295,wk_9-10,0.1,
349,panas_pos_imp_post,negativebinomial,0.4,mse,144.60977673974534,wk_9-10,0.0001,
350,panas_pos_imp_post,negativebinomial,0.4,mse,144.6236467442082,wk_9-10,1e-08,
351,panas_pos_imp_post,negativebinomial,0.4,mse,144.62364810088712,wk_9-10,1e-10,
380,panas_pos_imp_post,poisson,0.4,mse,144.63112987757742,wk_9-10,,
352,panas_pos_imp_post,negativebinomial,0.1,mse,144.976559659708,wk_9-10,1.0,
353,panas_pos_imp_post,negativebinomial,0.30000000000000004,mse,145.15538168951545,wk_9-10,0.01,
354,panas_pos_imp_post,negativebinomial,0.1,mse,145.94226648659202,wk_9-10,0.01,
381,panas_pos_imp_post,poisson,0.1,mse,145.9784712876707,wk_9-10,,
355,panas_pos_imp_post,negativebinomial,0.1,mse,145.97868820014156,wk_9-10,0.0001,
356,panas_pos_imp_post,negativebinomial,0.1,mse,145.97925041283548,wk_9-10,1e-08,
357,panas_pos_imp_post,negativebinomial,0.1,mse,145.979250472627,wk_9-10,1e-10,
358,panas_pos_imp_post,negativebinomial,0.1,mse,146.04256938810718,wk_9-10,0.1,
359,panas_pos_imp_post,negativebinomial,0.1,mse,146.18320328210424,wk_9-10,0.5,
360,panas_pos_imp_post,negativebinomial,0.2,mse,146.24965339857687,wk_9-10,0.01,
361,panas_pos_imp_post,negativebinomial,0.30000000000000004,mse,146.31979566278446,wk_9-10,0.0001,
362,panas_pos_imp_post,negativebinomial,0.30000000000000004,mse,146.33332939463833,wk_9-10,1e-08,
363,panas_pos_imp_post,negativebinomial,0.30000000000000004,mse,146.33333099579906,wk_9-10,1e-10,
382,panas_pos_imp_post,poisson,0.30000000000000004,mse,146.3335318964931,wk_9-10,,
364,panas_pos_imp_post,negativebinomial,0.2,mse,146.88697518933108,wk_9-10,0.0001,
365,panas_pos_imp_post,negativebinomial,0.2,mse,146.89516283920182,wk_9-10,1e-08,
366,panas_pos_imp_post,negativebinomial,0.2,mse,146.89516365129,wk_9-10,1e-10,
383,panas_pos_imp_post,poisson,0.2,mse,146.89529368766247,wk_9-10,,
367,panas_pos_imp_post,negativebinomial,0.0,mse,182.30778692362276,wk_9-10,1.0,
368,panas_pos_imp_post,negativebinomial,0.0,mse,182.31214280473267,wk_9-10,0.5,
369,panas_pos_imp_post,negativebinomial,0.0,mse,182.35160444795957,wk_9-10,0.1,
370,panas_pos_imp_post,negativebinomial,0.0,mse,182.4675731464993,wk_9-10,0.01,
371,panas_pos_imp_post,negativebinomial,0.0,mse,182.51688198593294,wk_9-10,0.0001,
372,panas_pos_imp_post,negativebinomial,0.0,mse,182.517497347474,wk_9-10,1e-08,
373,panas_pos_imp_post,negativebinomial,0.0,mse,182.51749740849428,wk_9-10,1e-10,
384,panas_pos_imp_post,poisson,0.0,mse,182.51970496642156,wk_9-10,,
395,panas_pos_imp_post,tweedie,0.0,mse,338.96523845387804,wk_9-10,,1.9
285,panas_pos_imp_post,gamma,0.0,mse,496.0455921284703,wk_9-10,,
286,panas_pos_imp_post,gaussian,0.0,mse,816.6696057714781,wk_9-10,,
287,panas_pos_imp_post,gaussian,0.5,mse,889.5829566334212,wk_9-10,,
288,panas_pos_imp_post,gaussian,0.6000000000000001,mse,908.4748039700805,wk_9-10,,
289,panas_pos_imp_post,gaussian,0.8,mse,918.4786905359854,wk_9-10,,
290,panas_pos_imp_post,gaussian,0.4,mse,920.5427298761681,wk_9-10,,
291,panas_pos_imp_post,gaussian,0.9,mse,920.5752976241657,wk_9-10,,
292,panas_pos_imp_post,gaussian,0.30000000000000004,mse,950.3879581893634,wk_9-10,,
293,panas_pos_imp_post,gaussian,0.7000000000000001,mse,958.5957230361732,wk_9-10,,
294,panas_pos_imp_post,gaussian,0.2,mse,970.1877763734507,wk_9-10,,
295,panas_pos_imp_post,gaussian,0.1,mse,980.0802636413015,wk_9-10,,
296,panas_pos_imp_post,gaussian,1.0,mse,1001.2924806628522,wk_9-10,,
396,panas_pos_raw_class_post,binomial,0.1,logloss,0.3818970709638688,wk_9-10,,
397,panas_pos_raw_class_post,binomial,0.2,logloss,0.4030344255321204,wk_9-10,,
398,panas_pos_raw_class_post,binomial,1.0,logloss,0.40480214799267056,wk_9-10,,
399,panas_pos_raw_class_post,binomial,0.30000000000000004,logloss,0.41285882602152923,wk_9-10,,
400,panas_pos_raw_class_post,binomial,0.4,logloss,0.4193308042116591,wk_9-10,,
401,panas_pos_raw_class_post,binomial,0.9,logloss,0.42117857728714325,wk_9-10,,
402,panas_pos_raw_class_post,binomial,0.5,logloss,0.42374115937070345,wk_9-10,,
403,panas_pos_raw_class_post,binomial,0.7000000000000001,logloss,0.4253887558752805,wk_9-10,,
404,panas_pos_raw_class_post,binomial,0.8,logloss,0.4260372535381164,wk_9-10,,
405,panas_pos_raw_class_post,binomial,0.6000000000000001,logloss,0.42624718064445344,wk_9-10,,
406,panas_pos_raw_class_post,binomial,0.0,logloss,0.44287941283468607,wk_9-10,,
517,panas_pos_raw_post,tweedie,0.1,mse,121.14997577662731,wk_9-10,,1.9
518,panas_pos_raw_post,tweedie,0.2,mse,121.82804669767258,wk_9-10,,1.9
519,panas_pos_raw_post,tweedie,0.7000000000000001,mse,122.29848770145719,wk_9-10,,1.9
520,panas_pos_raw_post,tweedie,0.8,mse,122.30281490426307,wk_9-10,,1.9
521,panas_pos_raw_post,tweedie,0.9,mse,122.30508320160976,wk_9-10,,1.9
522,panas_pos_raw_post,tweedie,0.6000000000000001,mse,122.31513780733206,wk_9-10,,1.9
523,panas_pos_raw_post,tweedie,0.5,mse,122.31759336835206,wk_9-10,,1.9
524,panas_pos_raw_post,tweedie,1.0,mse,122.33772652025075,wk_9-10,,1.9
525,panas_pos_raw_post,tweedie,0.4,mse,122.34184466636863,wk_9-10,,1.9
526,panas_pos_raw_post,tweedie,0.30000000000000004,mse,122.35601401573877,wk_9-10,,1.9
407,panas_pos_raw_post,gamma,1.0,mse,126.17288085746215,wk_9-10,,
408,panas_pos_raw_post,gamma,0.9,mse,126.17303978050934,wk_9-10,,
409,panas_pos_raw_post,gamma,0.8,mse,126.1865870622911,wk_9-10,,
410,panas_pos_raw_post,gamma,0.7000000000000001,mse,126.21550939648526,wk_9-10,,
411,panas_pos_raw_post,gamma,0.6000000000000001,mse,126.26218356061408,wk_9-10,,
412,panas_pos_raw_post,gamma,0.4,mse,126.29092640130558,wk_9-10,,
413,panas_pos_raw_post,gamma,0.30000000000000004,mse,126.31808374190602,wk_9-10,,
414,panas_pos_raw_post,gamma,0.5,mse,126.65069491163628,wk_9-10,,
415,panas_pos_raw_post,gamma,0.2,mse,126.81925144732352,wk_9-10,,
416,panas_pos_raw_post,gamma,0.1,mse,127.06781634541345,wk_9-10,,
429,panas_pos_raw_post,negativebinomial,1.0,mse,132.7406218250863,wk_9-10,1.0,
430,panas_pos_raw_post,negativebinomial,0.9,mse,132.79614931089935,wk_9-10,1.0,
431,panas_pos_raw_post,negativebinomial,1.0,mse,133.06704334956862,wk_9-10,0.5,
432,panas_pos_raw_post,negativebinomial,0.9,mse,133.13948329580242,wk_9-10,0.5,
433,panas_pos_raw_post,negativebinomial,0.8,mse,133.3102364882331,wk_9-10,1.0,
434,panas_pos_raw_post,negativebinomial,0.7000000000000001,mse,133.50337167510418,wk_9-10,1.0,
435,panas_pos_raw_post,negativebinomial,0.6000000000000001,mse,133.5135530833491,wk_9-10,1.0,
436,panas_pos_raw_post,negativebinomial,0.8,mse,133.58105879067978,wk_9-10,0.5,
437,panas_pos_raw_post,negativebinomial,0.5,mse,133.67823977823522,wk_9-10,1.0,
438,panas_pos_raw_post,negativebinomial,0.7000000000000001,mse,133.76747478218942,wk_9-10,0.5,
439,panas_pos_raw_post,negativebinomial,0.6000000000000001,mse,133.77956141414717,wk_9-10,0.5,
440,panas_pos_raw_post,negativebinomial,0.5,mse,133.9850985553851,wk_9-10,0.5,
441,panas_pos_raw_post,negativebinomial,0.4,mse,134.59816795773648,wk_9-10,1.0,
442,panas_pos_raw_post,negativebinomial,1.0,mse,135.08899884522566,wk_9-10,0.1,
443,panas_pos_raw_post,negativebinomial,0.4,mse,135.19802154692223,wk_9-10,0.5,
444,panas_pos_raw_post,negativebinomial,0.9,mse,135.24197592942173,wk_9-10,0.1,
445,panas_pos_raw_post,negativebinomial,0.8,mse,135.64428272551947,wk_9-10,0.1,
446,panas_pos_raw_post,negativebinomial,0.7000000000000001,mse,135.80645271257657,wk_9-10,0.1,
447,panas_pos_raw_post,negativebinomial,0.6000000000000001,mse,135.81679881388516,wk_9-10,0.1,
448,panas_pos_raw_post,negativebinomial,0.5,mse,135.88355295775733,wk_9-10,0.1,
449,panas_pos_raw_post,negativebinomial,0.4,mse,137.7631460369861,wk_9-10,0.1,
450,panas_pos_raw_post,negativebinomial,0.30000000000000004,mse,138.5784271415029,wk_9-10,1.0,
451,panas_pos_raw_post,negativebinomial,0.5,mse,141.53024126004883,wk_9-10,0.01,
452,panas_pos_raw_post,negativebinomial,0.6000000000000001,mse,141.55731875157338,wk_9-10,0.01,
453,panas_pos_raw_post,negativebinomial,0.7000000000000001,mse,141.67186138002558,wk_9-10,0.01,
454,panas_pos_raw_post,negativebinomial,0.8,mse,142.0761026748217,wk_9-10,0.01,
455,panas_pos_raw_post,negativebinomial,0.9,mse,142.24547578826565,wk_9-10,0.01,
456,panas_pos_raw_post,negativebinomial,1.0,mse,142.25144081355768,wk_9-10,0.01,
457,panas_pos_raw_post,negativebinomial,0.30000000000000004,mse,142.6875375940397,wk_9-10,0.5,
458,panas_pos_raw_post,negativebinomial,1.0,mse,142.80321688869887,wk_9-10,0.0001,
459,panas_pos_raw_post,negativebinomial,1.0,mse,142.80864487028796,wk_9-10,1e-08,
460,panas_pos_raw_post,negativebinomial,1.0,mse,142.8086453879886,wk_9-10,1e-10,
506,panas_pos_raw_post,poisson,1.0,mse,142.80894769913118,wk_9-10,,
461,panas_pos_raw_post,negativebinomial,0.9,mse,143.13105779956845,wk_9-10,0.0001,
507,panas_pos_raw_post,poisson,0.9,mse,143.13448961488118,wk_9-10,,
462,panas_pos_raw_post,negativebinomial,0.9,mse,143.13454134470533,wk_9-10,1e-08,
463,panas_pos_raw_post,negativebinomial,0.9,mse,143.13454166655555,wk_9-10,1e-10,
464,panas_pos_raw_post,negativebinomial,0.8,mse,143.50992604677668,wk_9-10,0.0001,
508,panas_pos_raw_post,poisson,0.8,mse,143.51515110640813,wk_9-10,,
465,panas_pos_raw_post,negativebinomial,0.8,mse,143.5152008359174,wk_9-10,1e-08,
466,panas_pos_raw_post,negativebinomial,0.8,mse,143.51520134690125,wk_9-10,1e-10,
467,panas_pos_raw_post,negativebinomial,0.2,mse,143.98844712916414,wk_9-10,1.0,
468,panas_pos_raw_post,negativebinomial,0.7000000000000001,mse,144.09435407577655,wk_9-10,0.0001,
469,panas_pos_raw_post,negativebinomial,0.7000000000000001,mse,144.10793868945146,wk_9-10,1e-08,
470,panas_pos_raw_post,negativebinomial,0.7000000000000001,mse,144.1079400167188,wk_9-10,1e-10,
509,panas_pos_raw_post,poisson,0.7000000000000001,mse,144.22243958976156,wk_9-10,,
471,panas_pos_raw_post,negativebinomial,0.5,mse,144.57971330730823,wk_9-10,0.0001,
472,panas_pos_raw_post,negativebinomial,0.4,mse,144.58641319322282,wk_9-10,0.01,
473,panas_pos_raw_post,negativebinomial,0.6000000000000001,mse,144.60713004442087,wk_9-10,0.0001,
510,panas_pos_raw_post,poisson,0.5,mse,144.61690218056862,wk_9-10,,
474,panas_pos_raw_post,negativebinomial,0.5,mse,144.61690326786487,wk_9-10,1e-08,
475,panas_pos_raw_post,negativebinomial,0.5,mse,144.61690694344344,wk_9-10,1e-10,
476,panas_pos_raw_post,negativebinomial,0.6000000000000001,mse,144.6458531132378,wk_9-10,1e-08,
477,panas_pos_raw_post,negativebinomial,0.6000000000000001,mse,144.6458569671543,wk_9-10,1e-10,
511,panas_pos_raw_post,poisson,0.6000000000000001,mse,144.8757920212356,wk_9-10,,
478,panas_pos_raw_post,negativebinomial,0.30000000000000004,mse,145.0225873513522,wk_9-10,0.1,
479,panas_pos_raw_post,negativebinomial,0.4,mse,147.02036595160524,wk_9-10,0.0001,
480,panas_pos_raw_post,negativebinomial,0.4,mse,147.06099014352284,wk_9-10,1e-08,
512,panas_pos_raw_post,poisson,0.4,mse,147.06099042874274,wk_9-10,,
481,panas_pos_raw_post,negativebinomial,0.4,mse,147.06099416760668,wk_9-10,1e-10,
482,panas_pos_raw_post,negativebinomial,0.30000000000000004,mse,150.19344626832006,wk_9-10,0.01,
483,panas_pos_raw_post,negativebinomial,0.1,mse,150.2205518613888,wk_9-10,1.0,
484,panas_pos_raw_post,negativebinomial,0.2,mse,150.76416781876222,wk_9-10,0.5,
485,panas_pos_raw_post,negativebinomial,0.2,mse,151.44417990549002,wk_9-10,0.1,
486,panas_pos_raw_post,negativebinomial,0.30000000000000004,mse,151.85429577654182,wk_9-10,0.0001,
487,panas_pos_raw_post,negativebinomial,0.30000000000000004,mse,151.8729682087068,wk_9-10,1e-08,
488,panas_pos_raw_post,negativebinomial,0.30000000000000004,mse,151.8729700608068,wk_9-10,1e-10,
513,panas_pos_raw_post,poisson,0.30000000000000004,mse,152.07195666489298,wk_9-10,,
489,panas_pos_raw_post,negativebinomial,0.1,mse,152.58159861311336,wk_9-10,0.5,
490,panas_pos_raw_post,negativebinomial,0.1,mse,152.5931053668638,wk_9-10,0.1,
491,panas_pos_raw_post,negativebinomial,0.1,mse,152.92401181094672,wk_9-10,0.01,
492,panas_pos_raw_post,negativebinomial,0.1,mse,153.09743304406058,wk_9-10,0.0001,
493,panas_pos_raw_post,negativebinomial,0.1,mse,153.09952675127687,wk_9-10,1e-08,
494,panas_pos_raw_post,negativebinomial,0.1,mse,153.09952696237585,wk_9-10,1e-10,
514,panas_pos_raw_post,poisson,0.1,mse,153.09952987629683,wk_9-10,,
495,panas_pos_raw_post,negativebinomial,0.2,mse,153.28464742070986,wk_9-10,0.01,
496,panas_pos_raw_post,negativebinomial,0.2,mse,154.13688129875413,wk_9-10,0.0001,
497,panas_pos_raw_post,negativebinomial,0.2,mse,154.14753016211426,wk_9-10,1e-08,
498,panas_pos_raw_post,negativebinomial,0.2,mse,154.1475312187021,wk_9-10,1e-10,
515,panas_pos_raw_post,poisson,0.2,mse,154.1475348949595,wk_9-10,,
527,panas_pos_raw_post,tweedie,0.0,mse,161.00150773611455,wk_9-10,,1.9
417,panas_pos_raw_post,gamma,0.0,mse,164.62532480414546,wk_9-10,,
499,panas_pos_raw_post,negativebinomial,0.0,mse,171.99968829188418,wk_9-10,1.0,
500,panas_pos_raw_post,negativebinomial,0.0,mse,172.00607186417707,wk_9-10,0.5,
501,panas_pos_raw_post,negativebinomial,0.0,mse,172.05121284072254,wk_9-10,0.1,
502,panas_pos_raw_post,negativebinomial,0.0,mse,172.17831536025116,wk_9-10,0.01,
503,panas_pos_raw_post,negativebinomial,0.0,mse,172.2327766812881,wk_9-10,0.0001,
504,panas_pos_raw_post,negativebinomial,0.0,mse,172.23346972253532,wk_9-10,1e-08,
505,panas_pos_raw_post,negativebinomial,0.0,mse,172.2334697914409,wk_9-10,1e-10,
516,panas_pos_raw_post,poisson,0.0,mse,172.23461235653858,wk_9-10,,
418,panas_pos_raw_post,gaussian,0.0,mse,833.4350016505244,wk_9-10,,
419,panas_pos_raw_post,gaussian,0.5,mse,902.3824911976703,wk_9-10,,
420,panas_pos_raw_post,gaussian,0.4,mse,922.5503658138706,wk_9-10,,
421,panas_pos_raw_post,gaussian,0.6000000000000001,mse,939.4033781266288,wk_9-10,,
422,panas_pos_raw_post,gaussian,0.30000000000000004,mse,950.9156315562653,wk_9-10,,
423,panas_pos_raw_post,gaussian,0.7000000000000001,mse,964.2205406012339,wk_9-10,,
424,panas_pos_raw_post,gaussian,0.2,mse,973.218462588124,wk_9-10,,
425,panas_pos_raw_post,gaussian,0.8,mse,980.1794118976954,wk_9-10,,
426,panas_pos_raw_post,gaussian,0.1,mse,1003.0304918009385,wk_9-10,,
427,panas_pos_raw_post,gaussian,0.9,mse,1026.218671016181,wk_9-10,,
428,panas_pos_raw_post,gaussian,1.0,mse,1147.4492903361188,wk_9-10,,
